Spolka;Sektor;Kurs zamkniecia;Rating;ZScore;Free Float;Potencjal zm. wg sredniej;Wartosc ksiegowa;Wartosc skorygowanych aktywow netto;Wartosc likwidacyjna wg J.Wilcoxa;Wartosc renty wieczystej;Wartosc zyskow dodatkowych;Wartosc metoda berlinska;Wartosc metoda szwajcarska;wg Ceny do wartości ksiegowej;wg Ceny do zysku operacyjnego;wg Ceny do przychodow;wg Wskaznika EV/EBIT;wg Wskaznika EV/Przychody;Wyliczona srednia;Stopa dywidendy za okres;Stopa dywidendy
ABPL;Handel hurtowy;34,84;BBB                      ;5,85;47,6242497055161;+33%;34,27;16,11;-5,36;40,7;46,37;37,48;38,56;33,18;43,17;125,01;41,27;162,38;46,48;2015-01-01 - 2015-12-31;2,00%
AGORA;Media;11,54;AAA                      ;8,58;48,4570619383534;+49%;24,55;15,15;9,73;3,2;Wycena niemozliwa;Wycena niemozliwa;Wycena niemozliwa;30,65;5,36;26,23;3,98;30,39;17,14;2011-01-01 - 2011-12-31;10,72%
AGROWILL;Spożywczy;1,5;BB+                      ;5,32;12,4164784297046;+8%;1,55;1,55;0,17;1,9;2,61;1,72;1,78;3,09;2,07;0,68;1,89;0,05;1,62; - ;brak
AILLERON;Informatyka;6,05;AAA                      ;8,69;33,8659434694044;+58%;5,31;1,64;1,92;7,6;8,48;6,46;6,84;19,71;10,27;14,37;9,69;15,4;9,58; - ;brak
ALCHEMIA;Metalowy;5;AA                       ;7,4;13,9167605;-59%;2,87;2,73;1,21;Wycena niemozliwa;Wycena niemozliwa;Wycena niemozliwa;Wycena niemozliwa;3,42;Wycena niemozliwa;2,84;Wycena niemozliwa;2,96;2,04; - ;brak
ALTA;Deweloperzy;3,54;AAA                      ;67,25;29,950812974594;+163%;12,47;12,47;6,15;2,3;Wycena niemozliwa;Wycena niemozliwa;Wycena niemozliwa;8,69;2,42;1,11;2,88;1,54;9,31;2010-01-01 - 2010-12-31;1,00%
AMBRA;Spożywczy;7,54;AA-                      ;7,01;28,9209463981004;+57%;10,92;8,54;3,56;8,5;12,45;Wycena niemozliwa;Wycena niemozliwa;21,81;7,82;10,09;7,78;12,1;11,82;2015-01-01 - 2015-12-31;5,68%
AMICA;Elektromasz.;174;BBB                      ;6,19;50,4045324196334;-13%;76,24;60,3;10,51;122,7;154,31;99,47;107,21;114,72;196,24;231,95;227,19;286,03;152,11;2014-01-01 - 2014-12-31;1,78%
APATOR;Elektromasz.;27,4;BBB+                     ;6,35;65,3941060490238;-29%;12,87;6,74;3,41;19,1;19,24;15,98;17,02;19,37;25,04;20,05;27,18;22,01;19,34;2015-01-01 - 2015-12-31;3,53%
ASSECOBS;Informatyka;15,99;AAA                      ;17,79;33,0946170548479;-22%;7,96;2,52;4,55;10;10,62;8,98;9,32;29,53;13,08;12,33;14,98;15,4;12,55;2014-01-01 - 2014-12-31;5,18%
ASSECOSEE;Informatyka;9,3;AAA                      ;9,78;20,55662967368;+113%;13,28;3,2;6,58;18,7;18,99;15,99;16,89;49,31;11,03;25,5;12,68;30,4;19,85;2015-01-01 - 2015-12-31;4,62%
ATLANTAPL;Handel hurtowy;6,58;AA+                      ;7,93;32,9479420555544;+57%;10,91;10,67;1,32;11,5;11,16;11,2;11,3;10,56;11,05;12,78;6,92;8,82;10,32;2015-01-01 - 2015-12-31;7,58%
AVIAAML;Inne;3,64;AAA                      ;11,36;33,2770642350978;+201%;9,73;9,73;5,43;10,4;11,02;10,07;10,18;22,77;11,14;5,96;12,77;5,56;10,94;2014-01-01 - 2014-12-31;5,40%
AVIASG;Inne;14,8;BB                       ;4,98;30,1712558742684;+9%;27,98;26,77;4,15;Wycena niemozliwa;Wycena niemozliwa;Wycena niemozliwa;Wycena niemozliwa;65,46;Wycena niemozliwa;345,63;Wycena niemozliwa;228,24;16,06; - ;brak
BETACOM;Informatyka;9,09;BB                       ;5,05;46,460396039604;+100%;9,87;9,1;0,68;7,3;14,54;Wycena niemozliwa;Wycena niemozliwa;36,64;9,41;144,77;20,02;176,56;18,22;2014-01-01 - 2014-12-31;6,27%
BIOTON;Farmaceutyczny;12,07;BB-                      ;4,86;40,4990252049166;-23%;13,71;3,54;4,91;Wycena niemozliwa;Wycena niemozliwa;Wycena niemozliwa;Wycena niemozliwa;29,01;Wycena niemozliwa;8,18;Wycena niemozliwa;5,83;9,31; - ;brak
BUMECH;Elektromasz.;0,7;B-                       ;3,98;19,5361207646041;+132%;1,2;1,03;-0,19;1,1;1,32;Wycena niemozliwa;Wycena niemozliwa;1,8;2,7;1,64;2,36;1,11;1,62; - ;brak
BZWBK;Banki;290;B+                       ;4,52;25,4378924175731;-24%;207,27;185,56;-178,44;255,4;Wycena niemozliwa;231,33;239,36;191,29;376,64;193,02;353,71;655,22;219,30;2013-01-01 - 2013-12-31;2,75%
CCC;Handel detaliczny;146,5;AAA                      ;8,86;57,8115234375;-63%;29,18;28,98;11,5;55,5;39,93;42,34;46,73;61,28;88,77;35,99;99,15;58,5;54,16;2014-01-01 - 2014-12-31;1,75%
CHEMOS;Inne;1,84;BBB-                     ;5,67;39,9088153553934;+5%;3,23;2,63;0,64;0,9;Wycena niemozliwa;Wycena niemozliwa;Wycena niemozliwa;7,56;2,7;25,1;1,38;16,08;1,94;2011-01-01 - 2011-12-31;4,17%
CIGAMES;Informatyka;20,6;AAA                      ;9,67;48,6938877969017;-81%;5,41;2,1;2,58;Wycena niemozliwa;Wycena niemozliwa;Wycena niemozliwa;Wycena niemozliwa;20,07;Wycena niemozliwa;4,89;Wycena niemozliwa;5,73;4,00; - ;brak
CNT;Budownictwo;7,34;AAA                      ;9,54;35,5893179317932;+43%;6,14;6,13;4,89;5,2;7,98;Wycena niemozliwa;Wycena niemozliwa;7,28;5,23;30,12;12,1;51,17;10,46;2014-01-01 - 2014-12-31;5,58%
COMARCH;Informatyka;126,7;AAA                      ;8,34;56,7153948514935;+46%;95,82;82,63;40,9;97;120,94;96,41;96,61;355,66;152,54;378,2;170,84;445,14;184,56;2013-01-01 - 2013-12-31;1,90%
COMP;Informatyka;52,5;BBB+                     ;6,27;36,8111996442154;+169%;76,1;8,58;20,28;47,2;84,68;Wycena niemozliwa;Wycena niemozliwa;282,48;74,48;321,05;78,58;369,31;141,17;2014-01-01 - 2014-12-31;1,58%
DEBICA;Motoryzacyjny;89,7;AA-                      ;7,14;18,603814457264;+12%;72,4;72,4;29,9;56,8;82,14;Wycena niemozliwa;Wycena niemozliwa;166,93;72,8;138,21;77,55;143,03;100,17;2014-01-01 - 2014-12-31;3,94%
DELKO;Handel hurtowy;8,35;B+                       ;4,6;49,980602006689;+58%;8,31;2,92;-1,19;13,8;12,99;11,06;11,97;8,05;13,63;23,69;10,94;25,29;13,23;2014-01-01 - 2014-12-31;3,12%
DOMDEV;Deweloperzy;50;AAA                      ;9,71;22,359316065804;+17%;35,66;35,52;16,97;32,6;38,38;Wycena niemozliwa;Wycena niemozliwa;24,85;52,73;122,98;56,7;163,84;58,28;2015-01-01 - 2015-12-31;6,21%
DROZAPOL;Handel hurtowy;2,05;AA+                      ;7,65;52,250451495861;+219%;8,78;8,77;4,3;Wycena niemozliwa;Wycena niemozliwa;Wycena niemozliwa;Wycena niemozliwa;8,5;Wycena niemozliwa;6,46;Wycena niemozliwa;9,48;6,54;2007-01-01 - 2007-12-31;7,28%
EFEKT;Handel hurtowy;20;CCC+                     ;3,51;55,006936312044;+3%;17,97;17,58;-12,29;27;26,16;22,48;23,99;17,4;41,85;7,12;28,9;Wycena niemozliwa;20,60;2014-01-01 - 2014-12-31;9,97%
EKOEXPORT;Inne;12,1;BBB+                     ;6,32;66,0240856296971;-67%;6;5,85;2,07;5,21;Wycena niemozliwa;Wycena niemozliwa;Wycena niemozliwa;9,68;6,46;3,92;6,44;3,22;4,04;2013-01-01 - 2013-12-31;1,89%
ELEKTROTI;Budownictwo;17,67;AA                       ;7,48;49,8609587550207;+6%;9,73;8,84;4,33;20,3;19,76;15,01;16,78;11,55;19,8;17,91;28,22;31,46;18,76;2014-01-01 - 2014-12-31;4,67%
ELZAB;Informatyka;15,99;BBB                      ;5,93;11,8587969920153;-37%;4,92;4,3;0,89;6,9;7,88;5,91;6,24;18,27;10,59;19,61;9,16;20,56;10,01;2014-01-01 - 2014-12-31;5,31%
EMPERIA;Handel detaliczny;56,01;BB                       ;5,15;50,5659553114786;+31%;44,93;40,65;14,93;36,5;50,04;Wycena niemozliwa;Wycena niemozliwa;94,35;56,94;94,75;77,52;187,42;73,65;2014-01-01 - 2014-12-31;1,85%
ENAP;Budownictwo;0,94;AAA                      ;8,41;54,7878322440185;+7%;0,82;0,82;0,46;0,5;0,96;Wycena niemozliwa;Wycena niemozliwa;0,98;0,63;0,97;1,06;1,76;1,01;2014-01-01 - 2014-12-31;4,85%
ERGIS;Tworzyw sztucznych;4,4;BB+                      ;5,31;31,7409409968139;+88%;4,95;4,42;0,25;Wycena niemozliwa;5,67;Wycena niemozliwa;Wycena niemozliwa;6,89;10,31;13,29;12,15;14;8,26;2014-01-01 - 2014-12-31;2,95%
EUROCASH;Handel detaliczny;52,85;CCC                      ;2,89;50,028946556591;-48%;8,41;-2,76;-5,55;16,6;26,5;12,5;13,87;17,66;32,1;87,61;39,88;166,72;27,32;2014-01-01 - 2014-12-31;2,13%
FAMUR;Elektromasz.;1,61;AAA                      ;8,96;12,7001254413292;-18%;1,85;1,36;0,78;1,1;Wycena niemozliwa;Wycena niemozliwa;Wycena niemozliwa;2,78;0,93;1,43;1,04;1,75;1,32;2013-01-01 - 2014-12-31;17,07%
FASING;Metalowy;15,6;BBB                      ;6,08;39,8807112014518;> +250%;45,68;44,88;12,38;25,9;55,93;Wycena niemozliwa;Wycena niemozliwa;54,41;61,63;55,79;65,94;49,51;57,24;2014-01-01 - 2014-12-31;4,48%
GPW;Rynek kapitałowy;37,49;AAA                      ;11,42;65,0041217954827;-17%;17,18;10,95;9,68;29,5;21,82;23,34;25,39;49,63;40,67;31,99;34,88;48,33;31,24;2014-01-01 - 2014-12-31;4,96%
GRAAL;Spożywczy;28,88;BB+                      ;5,26;33,3782660800585;+83%;37,25;28,76;8,15;36,7;43,76;Wycena niemozliwa;Wycena niemozliwa;74,39;34,37;73,53;42,98;105,81;52,81; - ;brak
GRAVITON;Rynek kapitałowy;0,27;D                        ;-1,35;40,0475151515152;+226%;1,12;1,12;0,64;Wycena niemozliwa;Wycena niemozliwa;Wycena niemozliwa;Wycena niemozliwa;3,23;Wycena niemozliwa;0,16;Wycena niemozliwa;0,05;0,88;2007-01-01 - 2007-12-31;5,00%
GRODNO;Handel hurtowy;5,6;BB-                      ;4,8;24,1689415864569;-14%;3,21;3,15;-0,77;5,2;6,38;4,2;4,54;3,11;5,01;5,8;5,84;6,71;4,84;2014-01-01 - 2014-12-31;2,14%
HERKULES;Budownictwo;4,04;BB                       ;5,15;64,2958329167832;+29%;5,09;4,66;0,74;6,4;6,08;5,74;5,96;6,04;6,97;1,82;6,31;0,69;5,22;2014-01-01 - 2014-12-31;1,47%
IMS;Inne;2,09;AAA                      ;8,8;22,3319172542309;-10%;0,49;0,43;0,19;2;0,95;1,25;1,5;1,15;2,92;3,62;2,99;2,53;1,88;2014-01-01 - 2014-12-31;3,36%
INGBSK;Banki;122;B                        ;4,27;19,1575710991545;-32%;82,09;78,87;-160,48;86,6;Wycena niemozliwa;84,34;85,1;75,76;126,81;86,93;Wycena niemozliwa;67,52;83,22;2015-01-01 - 2015-12-31;3,57%
INTERAOLT;Energetyka;19;AA                       ;7,43;20;+6%;5,33;3,66;0,94;39,5;12,54;22,42;28,11;4,36;17,4;20,38;34,54;39,6;20,09;2014-01-01 - 2014-12-31;12,21%
INTERBUD;Budownictwo;0,88;XXX;4,58;33,3693557582668;> +250%;3,66;3,52;-2,34;8,3;3,85;5,98;6,75;4,35;18,77;6,47;16,15;3,41;7,25;2011-01-01 - 2011-12-31;8,24%
INTERCARS;Handel hurtowy;218,95;AA+                      ;7,86;33,2347880096837;-55%;85,57;74,88;25,24;111,1;102,5;98,34;102,59;82,86;100,39;96,76;107,5;95,43;98,73;2014-01-01 - 2014-12-31;0,31%
INTROL;Elektromasz.;8,4;BBB                      ;6,16;54,7573914740904;-1%;5,33;5,08;1,47;6,1;6,3;5,72;5,84;8,02;9,04;13,42;10,59;16,94;8,33;2014-01-01 - 2014-12-31;2,38%
IZOLACJA;Mat. budowlanych;1,05;AA                       ;7,56;48,9167368421053;+58%;2,32;2,32;1;0,3;Wycena niemozliwa;Wycena niemozliwa;Wycena niemozliwa;2,17;0,83;2,83;0,44;3,05;1,66; - ;brak
KCI;Deweloperzy;0,03;AAA                      ;8,51;20,5633286365747;> +250%;0,24;0,06;0,12;0,11;Wycena niemozliwa;Wycena niemozliwa;Wycena niemozliwa;0,17;Wycena niemozliwa;0,2;Wycena niemozliwa;0,24;0,18; - ;brak
KONSSTALI;Handel hurtowy;30,5;BB+                      ;5,57;50,0781613109057;+12%;52,95;36,33;15,36;32,3;Wycena niemozliwa;Wycena niemozliwa;Wycena niemozliwa;51,27;31,29;55,39;31,94;66,4;34,16;2014-01-01 - 2014-12-31;3,49%
KOPEX;Elektromasz.;2,35;XXX;5,63;24,8381980445764;> +250%;27,84;13,09;10,19;Wycena niemozliwa;Wycena niemozliwa;Wycena niemozliwa;Wycena niemozliwa;41,89;Wycena niemozliwa;12,69;Wycena niemozliwa;9,45;19,02;2014-01-01 - 2014-12-31;4,80%
LABOPRINT;Inne;10,12;B-                       ;4,13;8,64108801415303;-12%;2,26;1,81;-0,61;5,6;5,72;3,93;4,49;5,29;9,11;27,72;9,61;19,59;8,94; - ;brak
LARK;Media;1,17;CCC                      ;2,93;43,6261451009255;> +250%;79,63;-0,2;0,5;Wycena niemozliwa;Wycena niemozliwa;Wycena niemozliwa;Wycena niemozliwa;99,42;1,37;5,05;Wycena niemozliwa;3,7;40,06;2005-01-01 - 2005-12-31;5,62%
LIVECHAT;Informatyka;35,45;AAA                      ;23,7;22,2155339805825;-87%;0,84;0,7;0,71;1,12;1,32;0,98;1,02;3,1;13,51;5,05;14,87;6,46;4,78;2014-01-01 - 2014-12-31;2,43%
LOTOS;Paliwowy;26,82;BB+                      ;5,56;40,4622094772096;-27%;36,3;33,53;3,03;Wycena niemozliwa;Wycena niemozliwa;Wycena niemozliwa;Wycena niemozliwa;34,26;19,47;39,21;0,99;27,11;19,66;2006-01-01 - 2006-12-31;0,76%
LPP;Handel detaliczny;5278,35;A-                       ;6,42;69,9638242443496;-57%;1030,11;895,55;288,85;1918,3;1770,86;1474,2;1622,24;2163,25;3762,2;1674,17;4279,07;2838,4;2257,48;2014-01-01 - 2014-12-31;0,41%
LSISOFT;Informatyka;6,25;AAA                      ;8,21;55,7315743988675;+138%;7,28;4,1;3,57;10,8;10,75;9,04;9,63;27,02;14,16;23,87;15,96;28,51;14,90; - ;brak
LUBAWA;Lekki;0,85;A                        ;6,79;66,7800183032854;+36%;1,84;1,34;0,47;0,2;Wycena niemozliwa;Wycena niemozliwa;Wycena niemozliwa;3,17;0,6;1,76;0,04;1,26;1,16;2008-01-01 - 2008-12-31;3,66%
MBANK;Banki;337;B                        ;4,25;25,4630728756253;-12%;290,61;278,32;-542,56;308,8;Wycena niemozliwa;299,7;302,74;268,2;454,34;286,39;Wycena niemozliwa;197,1;295,16;2013-01-01 - 2013-12-31;3,33%
MCLOGIC;Informatyka;40,24;AAA                      ;8,97;37,2196711104193;+9%;15,16;6,11;7,08;36,3;24,94;25,73;29,25;56,26;48,21;78,96;52,48;92,53;43,84;2014-01-01 - 2014-12-31;6,69%
MERCOR;Mat. budowlanych;8,79;BB+                      ;5,41;28,4843760926549;-46%;7,95;3,87;1,62;3;Wycena niemozliwa;Wycena niemozliwa;Wycena niemozliwa;7,45;7,19;7,54;7,19;7,14;4,78;2015-01-01 - 2015-12-31;8,73%
MNI;Telekomunikacja;0,85;B                        ;4,3;31,4884996741111;+72%;2,55;1,58;0,37;Wycena niemozliwa;Wycena niemozliwa;Wycena niemozliwa;Wycena niemozliwa;2,69;0,36;2,63;0,14;3,11;1,46;2014-01-01 - 2014-12-31;11,65%
MOJ;Elektromasz.;0,85;BB+                      ;5,35;53,257131239141;+184%;3,75;3,5;1,08;0,2;Wycena niemozliwa;Wycena niemozliwa;Wycena niemozliwa;5,65;1,77;5,41;0,69;5,63;2,42;2008-01-01 - 2008-12-31;2,37%
MONNARI;Handel detaliczny;14,4;AAA                      ;14,18;57,714444374389;-27%;5,43;5,42;3,5;15,2;8,61;10,32;11,94;11,41;13,99;4,19;18,79;9,55;10,52; - ;brak
MOSTALPLC;Budownictwo;13,13;AA-                      ;7,08;31,12975;+3%;18,46;18,36;8,5;2,3;Wycena niemozliwa;Wycena niemozliwa;Wycena niemozliwa;21,9;1,19;23,98;3,13;37,8;13,48;2014-01-01 - 2014-12-31;7,13%
MOSTALZAB;Budownictwo;1,26;A-                       ;6,58;51,9922163762327;0%;1,91;1,89;0,62;1,1;Wycena niemozliwa;Wycena niemozliwa;Wycena niemozliwa;2,26;1,43;2,57;1,79;3,95;1,26;2014-01-01 - 2014-12-31;2,49%
MUZA;Media;4,5;B+                       ;4,72;49,5114127583895;+13%;8;5,75;2,13;2,4;Wycena niemozliwa;Wycena niemozliwa;Wycena niemozliwa;9,98;7,42;11,11;5,16;10,97;5,06;2002-01-01 - 2002-12-31;8,06%
MWTRADE;Inne;16,1;CCC                      ;3,04;13,9235774840061;-17%;10,03;10;-32,94;23,1;Wycena niemozliwa;16,56;18,74;12,24;25,26;50,03;3,82;12,54;13,30;2014-01-01 - 2014-12-31;5,35%
NETIA;Telekomunikacja;4,58;A-                       ;6,44;30,4564844293895;-12%;5,85;4,65;2,22;0,1;Wycena niemozliwa;Wycena niemozliwa;Wycena niemozliwa;6,16;0,95;6,15;0,99;7,72;4,04;2014-01-01 - 2014-12-31;9,05%
NETMEDIA;Inne;5,85;AA+                      ;8,02;32,7229238020059;+126%;7,57;4,75;3,37;5,7;8,99;Wycena niemozliwa;Wycena niemozliwa;17,71;10,01;57,34;10,35;40;13,21; - ;brak
ODLEWNIE;Metalowy;3,68;CCC+                     ;3,35;27,6851940617266;+27%;2,11;2,07;0,69;5,8;3,78;3,95;4,57;2,51;6,59;4,47;7,87;4,34;4,67; - ;brak
OPONEO.PL;Handel detaliczny;28,8;BBB+                     ;6,33;31,8480840987371;-57%;5,81;3,5;2,77;7,6;9,38;6,7;7;12,2;11,11;17,99;16,49;36,99;12,36;2014-01-01 - 2014-12-31;0,41%
ORANGEPL;Telekomunikacja;6,12;BB                       ;4,96;49,3278310489973;-15%;9,13;3,83;1,29;1,9;Wycena niemozliwa;Wycena niemozliwa;Wycena niemozliwa;9,61;5,25;12,31;6,35;13,84;5,21;2015-01-01 - 2015-12-31;3,95%
ORBIS;Hotele i restauracje;61,2;AAA                      ;8,4;22,0805569667197;-22%;38,7;36,22;15,23;39,4;44,63;39,05;39,17;225,25;61,57;40,01;70,23;46,67;47,99;2014-01-01 - 2014-12-31;2,68%
PEMUG;Budownictwo;0,49;AAA                      ;14,29;7,90815171999523;+73%;0,87;0,86;0,83;0,1;Wycena niemozliwa;Wycena niemozliwa;Wycena niemozliwa;1,03;0,08;0;1,01;0,92;0,85; - ;brak
PEP;Energetyka;21,1;BB-                      ;4,92;14,8466117752648;-24%;30,75;25,6;1,25;14,8;Wycena niemozliwa;Wycena niemozliwa;Wycena niemozliwa;25,17;14,23;31,73;10,62;43,72;16,00;2005-01-01 - 2005-12-31;3,50%
PGE;Energetyka;12,9;BBB-                     ;5,79;41,6138316158938;+11%;21,62;21,13;6,98;Wycena niemozliwa;Wycena niemozliwa;Wycena niemozliwa;Wycena niemozliwa;17,69;Wycena niemozliwa;7,94;Wycena niemozliwa;14,04;14,30;2014-01-01 - 2014-12-31;5,05%
PGNIG;Paliwowy;4,75;AA+                      ;7,8;29,1733625762712;-27%;5,21;5,02;1,74;3,6;Wycena niemozliwa;Wycena niemozliwa;Wycena niemozliwa;4,88;6,18;2,56;8,42;3,42;3,48;2014-01-01 - 2014-12-31;2,92%
PGODLEW;Metalowy;5,7;AA-                      ;7,05;15,8563676012461;-43%;2,59;2,41;0,85;4;4,11;3,3;3,53;3,08;3,55;2,17;4,13;1,95;3,25; - ;brak
PKNORLEN;Paliwowy;64,38;AA-                      ;7,21;55,4112331513126;+27%;56,68;53,65;11,77;75,6;75,97;66,14;69,29;53,08;111,96;85,54;136,98;99,05;81,82;2014-01-01 - 2014-12-31;2,37%
POLWAX;Chemiczny;16,9;AA+                      ;8,06;37,9298359526796;+18%;7,58;7,53;2,74;16,89;14,25;12,24;13,79;14,68;31,31;24,98;35,2;27,21;19,90;2014-01-01 - 2014-12-31;6,44%
PROCHEM;Budownictwo;15,57;AA+                      ;8,05;35,2370731707317;+48%;32,6;32,47;13,62;14,5;Wycena niemozliwa;Wycena niemozliwa;Wycena niemozliwa;38,69;15,37;34,39;21,44;54,8;23,11;2014-01-01 - 2014-12-31;1,63%
PROTEKTOR;Lekki;2,99;AAA                      ;12,63;45,4571487151449;+52%;3,3;3,04;1,83;3,5;3,78;3,4;3,43;5,7;6,09;4,32;7,59;4,62;4,54;2014-01-01 - 2014-12-31;8,45%
PSG;Telekomunikacja;0,48;A+                       ;6,91;45,0593846135744;+211%;2,19;1,48;0,8;1,5;Wycena niemozliwa;Wycena niemozliwa;Wycena niemozliwa;2,3;1,79;6,17;2,28;7,54;1,50; - ;brak
QUERCUS;Rynek kapitałowy;6,15;AAA                      ;15,27;42,4274280116065;-37%;0,76;0,76;0,61;4,8;1,25;2,78;3,45;2,18;6,48;6,18;5,68;9,37;3,90;2012-01-01 - 2012-12-31;3,89%
QUMAK;Informatyka;9,39;BB                       ;5,03;60,5854488668138;+31%;7,53;7,48;-0,3;7,9;12,51;7,72;7,78;27,95;10,27;204,2;16,36;240,31;12,32;2013-01-01 - 2013-12-31;6,94%
RAINBOW;Hotele i restauracje;20,5;AA-                      ;7,22;32,9890805387576;+70%;6,93;5,57;2,88;23,6;15,46;15,26;18,04;40,32;37,37;112,09;50,32;147,32;34,93;2014-01-01 - 2014-12-31;3,20%
RELPOL;Elektromasz.;7,75;AAA                      ;9,96;35,6625889395707;+29%;7,68;6,77;3,93;8,1;10,32;7,89;7,96;11,55;11,12;10,34;13,93;13,55;9,98;2014-01-01 - 2014-12-31;5,87%
REMAK;Elektromasz.;16,4;CCC                      ;3,14;14,7058333333333;+26%;2,47;2,4;-6,23;15,7;16,82;9,08;11,29;3,71;27,63;35,09;39,6;51,11;20,73;2009-01-01 - 2009-12-31;4,35%
RONSON;Deweloperzy;1,41;AAA                      ;9,96;13,0935621970921;-12%;1,69;1,69;0,8;0,7;Wycena niemozliwa;Wycena niemozliwa;Wycena niemozliwa;1,18;1,27;3,47;0,97;4,25;1,24;2014-01-01 - 2014-12-31;3,15%
ROPCZYCE;Mat. budowlanych;21,8;BBB-                     ;5,8;48,7490175814919;+41%;49,06;47,77;12,48;28,54;Wycena niemozliwa;Wycena niemozliwa;Wycena niemozliwa;45,94;44,34;26,74;47,83;21,24;30,77;2014-01-01 - 2014-12-31;3,71%
SANWIL;Lekki;0,7;BB                       ;5,19;73,0529189051674;> +250%;4,78;4,72;1,96;Wycena niemozliwa;Wycena niemozliwa;Wycena niemozliwa;Wycena niemozliwa;8,25;Wycena niemozliwa;6,03;Wycena niemozliwa;7,18;3,37; - ;brak
SCOPAK;Drzewny;2,39;CCC                      ;3,11;59,0791974656811;+13%;3;2,99;-2,97;0,17;2,38;Wycena niemozliwa;Wycena niemozliwa;3,87;11,54;9,13;0,49;Wycena niemozliwa;2,69; - ;brak
SECOGROUP;Elektromasz.;13,5;BB-                      ;4,77;22,5524491729881;-12%;20,42;11,67;3,23;Wycena niemozliwa;Wycena niemozliwa;Wycena niemozliwa;Wycena niemozliwa;30,73;Wycena niemozliwa;39,4;Wycena niemozliwa;51,3;11,82;2013-01-01 - 2013-12-31;2,95%
SFINKS;Hotele i restauracje;4,29;D                        ;1,42;59,1327089203718;-36%;0,12;-0,49;-1,46;2,39;Wycena niemozliwa;1,25;1,63;0,69;4,19;7,89;2,48;7,43;2,74; - ;brak
SILVANO;Handel detaliczny;6,6;AAA                      ;16,27;57,8947368421053;+83%;5,11;4,93;3,62;12,21;8,22;8,73;9,89;10,73;21,54;4,32;28,82;10,58;12,10;2014-01-01 - 2014-12-31;7,04%
SMT;Media;13,79;AAA                      ;9,63;61,7971414281644;+59%;8,6;7,91;5,97;44,9;Wycena niemozliwa;26,75;32,8;10,73;9,76;20,07;17,03;31,33;21,92; - ;brak
SNIEZKA;Mat. budowlanych;56;AAA                      ;8,48;23,7319280779865;-35%;16,37;16,26;6,34;38,5;29,12;27,44;31,12;15,33;60,98;22,92;81,86;26,86;36,12;2014-01-01 - 2014-12-31;6,14%
SOHODEV;Deweloperzy;1,23;BBB                      ;6,06;33,6542635582324;+59%;2,84;2,83;1,06;1,79;Wycena niemozliwa;Wycena niemozliwa;Wycena niemozliwa;1,98;1,39;2,88;1,58;3,9;1,95; - ;brak
SOPHARMA;Farmaceutyczny;6,01;A-                       ;6,6;37,1624921391018;-21%;7,31;6,75;2,14;2,9;Wycena niemozliwa;Wycena niemozliwa;Wycena niemozliwa;15,47;11,11;23,32;6,86;19,28;4,72; - ;brak
STALEXP;Inne;3,16;B                        ;4,44;39,3665629759892;+38%;1,71;-0,4;-0,68;4,8;4,49;3,26;3,77;4;7,76;2,95;7,91;2,05;4,37; - ;brak
STALPROD;Metalowy;257,8;AA-                      ;7,24;32,2642081784387;+50%;318,04;297,98;119,67;340,1;398,05;329,07;332,75;378,87;440,46;314,2;603,23;385,21;387,79;2014-01-01 - 2014-12-31;0,62%
SYGNITY;Informatyka;8,45;BB                       ;5,2;67,6117733426595;+44%;19,11;2,3;5,23;Wycena niemozliwa;Wycena niemozliwa;Wycena niemozliwa;Wycena niemozliwa;70,94;3,89;97,13;4,25;111,83;12,17;2006-01-01 - 2006-12-31;1,18%
SYNEKTIK;Farmaceutyczny;15,49;BB-                      ;4,82;31,5028416148941;-71%;6,64;4,14;2,22;Wycena niemozliwa;Wycena niemozliwa;Wycena niemozliwa;Wycena niemozliwa;14,05;Wycena niemozliwa;16,84;0,33;17,91;4,43; - ;brak
TERESA;Farmaceutyczny;15,36;AAA                      ;11,49;0;-10%;6,93;6,83;3,57;9,9;9,42;8,41;8,91;14,67;28,31;13,58;27;13,57;13,81;2014-01-01 - 2014-12-31;7,40%
TRITON;Deweloperzy;1,97;AAA                      ;10,07;29,9359119292993;> +250%;14,15;14,15;7,62;Wycena niemozliwa;Wycena niemozliwa;Wycena niemozliwa;Wycena niemozliwa;9,86;Wycena niemozliwa;19,17;Wycena niemozliwa;25,61;10,88; - ;brak
UNIMA;Informatyka;2,42;BBB+                     ;6,33;40,9691464083349;+64%;5,67;3,49;2,28;0,4;Wycena niemozliwa;Wycena niemozliwa;Wycena niemozliwa;21,03;2,38;33;2,84;38,28;3,98;2014-01-01 - 2014-12-31;7,42%
VOTUM;Inne;14,01;AA+                      ;8,09;21,5994583333333;-29%;2,4;2,02;0,95;5,67;4,65;4,04;4,58;5,61;17,66;21,48;18,69;15,61;9,92;2015-01-01 - 2015-12-31;1,94%
WASKO;Informatyka;2,13;AAA                      ;8,78;18,7534991089788;+165%;2,42;1,87;1,31;2,9;2,89;2,66;2,74;9;4;13,47;4,89;16,17;5,63;2014-01-01 - 2014-12-31;1,91%
WDX;Handel hurtowy;5,94;BB                       ;4,97;26,4806758061615;-3%;5,01;4,56;0,96;5,21;5,69;5,11;5,15;4,85;4,74;4,24;6,11;5,05;5,76;2014-01-01 - 2014-12-31;4,93%
WIELTON;Motoryzacyjny;7,56;BBB-                     ;5,83;31,913048447205;-12%;3,58;3,13;0,3;5,6;6,81;4,59;4,93;8,26;8,99;11,28;7,18;9,35;6,68;2014-01-01 - 2014-12-31;3,22%
WISTIL;Lekki;43,7;A                        ;6,78;9,9636;+229%;105,27;101,07;26,29;104,7;115,26;Wycena niemozliwa;Wycena niemozliwa;181,61;112,13;203,9;130,65;216,77;143,78;2003-01-01 - 2003-12-31;1,70%
ZAMET;Elektromasz.;1,68;A-                       ;6,46;30,9637131797583;-47%;1,32;1,3;0,45;1,27;Wycena niemozliwa;Wycena niemozliwa;Wycena niemozliwa;1,99;1,61;1,68;1,67;1,86;0,88;2012-01-01 - 2012-12-31;15,73%
ZASTAL;Inne;0,59;XXX;4,67;100;+111%;2,44;2,44;0,05;Wycena niemozliwa;Wycena niemozliwa;Wycena niemozliwa;Wycena niemozliwa;5,72;Wycena niemozliwa;4,54;Wycena niemozliwa;3,03;1,24; - ;brak
ZYWIEC;Spożywczy;420;D                        ;1,57;1,64784779235654;-61%;25,5;19,88;-57,87;290,3;125,91;157,9;202,03;50,93;203,66;193,54;205,5;214,2;163,47;2015-01-01 - 2015-12-31;2,93%
(c) StockWatch.pl - tylko do uzytku osobistego, licencja nie zezwala na rozpowszechnianie. Powyzsze informacje nie sa rekomendacja inwestycyjna
